{
  "type": "FeatureCollection",
  "features": [
    {
      "type": "Feature",
      "properties": { "color": "blue" },
      "geometry": {
        "type": "Polygon",
        "coordinates": [
          [
            [ 0, 0 ],
            [ 0, 100 ],
            [ 100, 100 ],
            [ 100, 0 ],
            [ 0, 0 ]
          ]
        ]
      }
    },
    {
      "type": "Feature",
      "properties": { "color": "orange" },
      "geometry": {
        "type": "Polygon",
        "coordinates": [
          [
            [ 0, 100 ],
            [ 0, 200 ],
            [ 100, 200 ],
            [ 100, 100 ],
            [ 0, 100 ]
          ]
        ]
      }
    },
    {
      "type": "Feature",
      "properties": { "color": "green" },
      "geometry": {
        "type": "Polygon",
        "coordinates": [
          [
            [ 100, 0 ],
            [ 200, 0 ],
            [ 200, 200 ],
            [ 100, 200 ],
            [ 100, 0 ]
          ]
        ]
      }
    }
  ]
}